,City,Cloudiness,Country,Date,Humidity,Lat,Lng,Max Temp,Wind Speed
0,Saint Paul Harbor,1,US,1595505130,62,57.79,-152.41,57.2,10.29
1,Punta Arenas,65,CL,1595505130,89,-53.15,-70.92,35.6,13.87
2,Tonantins,92,BR,1595505131,97,-2.87,-67.8,73.51,1.19
3,Kaitangata,12,NZ,1595505131,76,-46.28,169.85,37.99,5.01
4,Iqaluit,75,CA,1595505131,76,63.75,-68.51,50.0,9.17
5,Butaritari,0,KI,1595505131,79,3.07,172.79,82.98,15.66
6,Sal Rei,75,CV,1595505131,70,16.18,-22.92,84.2,9.17
7,Luangwa,3,ZM,1595505131,28,-15.62,30.42,77.97,9.71
8,Busselton,26,AU,1595505131,64,-33.65,115.33,54.0,6.55
9,Puerto Ayora,91,EC,1595505132,97,-0.74,-90.35,66.99,4.0
10,Saskylakh,98,RU,1595505132,90,71.92,114.08,55.54,13.53
11,Mar del Plata,90,AR,1595504914,100,-38.0,-57.56,51.8,3.36
12,Kyshtovka,50,RU,1595505132,55,56.55,76.63,66.78,3.94
13,Tuatapere,85,NZ,1595505132,83,-46.13,167.68,39.0,3.0
14,Mataura,81,NZ,1595505132,83,-46.19,168.86,39.0,3.0
15,Qaanaaq,0,GL,1595505132,52,77.48,-69.36,47.77,6.51
16,Tabou,96,CI,1595505133,81,4.42,-7.35,78.06,8.86
17,Buriti Bravo,9,BR,1595505133,53,-5.84,-43.83,79.9,10.38
18,Matiguás,78,NI,1595505133,94,12.84,-85.46,69.91,2.26
19,Sobolevo,96,RU,1595505133,64,54.43,31.9,62.78,10.36
20,Thompson,75,CA,1595505133,88,55.74,-97.86,64.4,3.36
21,Hobart,75,AU,1595505013,75,-42.88,147.33,46.0,5.82
22,Luganville,97,VU,1595505134,82,-15.53,167.17,75.97,9.82
23,Smithers,90,CA,1595505085,87,54.78,-127.17,53.6,2.24
24,Havre-St-Pierre,75,CA,1595505134,87,50.23,-63.6,57.2,3.36
25,Cape Town,0,ZA,1595504878,72,-33.93,18.42,73.99,6.93
26,Camacha,75,PT,1595505134,64,33.08,-16.33,71.6,13.87
27,Ilulissat,20,GL,1595505134,57,69.22,-51.1,51.8,4.7
28,Fortuna,90,US,1595505134,100,40.6,-124.16,55.0,4.7
29,Kizema,98,RU,1595505135,81,61.11,44.83,64.08,2.53
30,Penzance,75,GB,1595505135,100,50.12,-5.54,63.0,10.29
31,Bambous Virieux,75,MU,1595505135,93,-20.34,57.76,71.01,14.99
32,Castro,24,BR,1595505016,73,-24.79,-50.01,61.99,3.87
33,Hermanus,0,ZA,1595505135,64,-34.42,19.23,68.0,3.0
34,Melfi,0,IT,1595505135,31,41.0,15.65,93.2,10.29
35,Atuona,9,PF,1595505135,72,-9.8,-139.03,79.05,18.9
36,Hithadhoo,100,MV,1595505136,72,-0.6,73.08,82.89,5.57
37,Bredasdorp,40,ZA,1595505136,72,-34.53,20.04,62.6,5.82
38,Lüderitz,0,NA,1595505136,10,-26.65,15.16,91.4,18.34
39,Gornorechenskiy,100,RU,1595505136,89,44.26,135.11,61.97,1.54
40,Yellowknife,90,CA,1595505136,100,62.46,-114.35,59.0,10.29
41,Benito Juarez,40,MX,1595505136,82,19.39,-99.17,59.0,8.05
42,Haines Junction,100,CA,1595505136,86,60.75,-137.51,49.73,1.7
43,Rikitea,92,PF,1595505136,72,-23.12,-134.97,66.51,19.71
44,Leningradskiy,96,RU,1595505137,60,69.38,178.42,52.99,10.65
45,Champerico,84,GT,1595505137,82,14.3,-91.92,77.47,4.65
46,George Town,20,MY,1595505040,74,5.41,100.34,86.0,2.24
47,New Norfolk,99,AU,1595505137,81,-42.78,147.06,46.0,4.0
48,Nikolskoye,75,RU,1595505137,52,59.7,30.79,64.4,20.13
49,Gijang,90,KR,1595505137,88,35.24,129.21,73.4,12.75
50,Geraldton,0,AU,1595505137,81,-28.77,114.6,53.6,6.93
51,Manokwari,22,ID,1595505138,70,-0.87,134.08,81.23,3.24
52,Ponta do Sol,2,PT,1595505110,66,32.67,-17.1,73.0,1.34
53,Vaini,75,TO,1595505138,88,-21.2,-175.2,69.8,6.93
54,Adrar,22,MR,1595505138,19,20.5,-10.07,104.54,15.95
55,Port Lincoln,90,AU,1595505138,74,-34.73,135.87,52.52,12.82
56,Hilo,1,US,1595505138,78,19.73,-155.09,71.6,5.82
57,Lavrentiya,100,RU,1595505138,61,65.58,-171.0,50.81,8.19
58,Longyearbyen,90,SJ,1595505138,81,78.22,15.64,48.2,3.36
59,Hasaki,75,JP,1595505139,100,35.73,140.83,72.0,2.24
60,Oranjemund,0,NA,1595505139,17,-28.55,16.43,79.86,12.06
61,Lagoa,0,PT,1595505139,71,39.05,-27.98,69.06,1.32
62,Ushuaia,75,AR,1595505139,55,-54.8,-68.3,37.4,9.17
63,Sargatskoye,1,RU,1595505139,50,55.61,73.5,68.25,10.96
64,East London,0,ZA,1595505139,28,-33.02,27.91,73.4,4.7
65,Hastings,100,GB,1595504973,45,50.86,0.57,72.0,5.99
66,Bluff,61,NZ,1595505140,83,-46.6,168.33,39.0,3.0
67,Solnechnyy,92,RU,1595505140,89,50.72,136.63,60.89,5.84
68,Cabinda,53,AO,1595505140,66,-5.55,12.2,77.29,9.8
69,Fochville,0,ZA,1595505141,42,-26.49,27.49,64.99,3.4
70,Hofn,75,IS,1595505141,66,64.25,-15.21,53.6,9.17
71,Winterswijk,7,NL,1595504974,36,51.97,6.72,73.99,5.01
72,Kapaa,75,US,1595505142,94,22.08,-159.32,73.4,4.7
73,Meridian,97,US,1595505142,64,43.61,-116.39,70.0,6.33
74,Albany,75,US,1595505142,93,42.6,-73.97,73.99,3.38
75,Russell,1,US,1595504997,94,32.35,-85.2,73.4,5.82
76,Grafton,75,US,1595505143,94,42.21,-71.69,73.99,10.29
77,Kahului,1,US,1595505143,69,20.89,-156.47,73.99,5.82
78,Touros,40,BR,1595505144,78,-5.2,-35.46,77.0,9.17
79,Provideniya,39,RU,1595505144,66,64.38,-173.3,50.85,6.93
80,Tiksi,82,RU,1595505144,78,71.69,128.87,58.96,7.92
81,Sorong,69,ID,1595505145,83,-0.88,131.25,80.35,7.14
82,Aripuanã,96,BR,1595505145,54,-9.17,-60.63,75.51,1.5
83,Forsytheganj,76,BY,1595505146,47,52.63,29.73,67.53,7.61
84,Yangi Marg`ilon,90,UZ,1595505146,12,40.43,71.72,98.6,4.7
85,Yamada,77,JP,1595505146,90,39.47,141.95,67.66,2.01
86,Pisco,75,PE,1595505146,87,-13.7,-76.22,57.0,2.24
87,Sinnamary,95,GF,1595505147,84,5.38,-52.95,78.08,5.32
88,Lockhart,1,US,1595505044,88,28.62,-81.44,80.01,4.7
89,San Quintín,99,MX,1595505147,81,30.48,-115.95,64.11,10.07
90,Santa Catalina,100,PH,1595505149,77,9.33,122.86,81.5,2.06
91,Paamiut,100,GL,1595505149,93,61.99,-49.67,47.08,7.29
92,Kruisfontein,0,ZA,1595505149,26,-34.0,24.73,76.62,4.18
93,Cabo San Lucas,9,MX,1595505149,75,22.89,-109.91,80.01,10.18
94,Port-Gentil,75,GA,1595505149,74,-0.72,8.78,82.4,12.5
95,Tuktoyaktuk,0,CA,1595505149,75,69.45,-133.04,42.24,12.5
96,Roald,75,NO,1595505150,62,62.58,6.13,57.99,3.36
97,Celestún,73,MX,1595505150,85,20.87,-90.4,78.37,9.37
98,Dikson,55,RU,1595505150,84,73.51,80.55,41.86,11.54
99,Barrow,90,US,1595505150,87,71.29,-156.79,46.4,14.99
100,Xinqing,25,CN,1595505150,77,48.23,129.5,70.27,2.95
101,Jamestown,90,US,1595505150,100,42.1,-79.24,71.01,4.7
102,Zhigansk,11,RU,1595505150,68,66.77,123.37,64.11,9.15
103,Naze,40,JP,1595505151,88,28.37,129.48,82.4,5.82
104,Bengkulu,86,ID,1595505121,85,-3.8,102.27,78.89,2.17
105,Kita,47,ML,1595505151,69,13.03,-9.49,85.24,6.44
106,Boende,33,CD,1595505152,29,-0.22,20.87,96.76,3.91
107,Vuktyl,63,RU,1595505227,41,63.86,57.31,78.49,9.98
108,Harper,95,LR,1595505227,78,4.38,-7.72,79.27,9.66
109,Miles City,1,US,1595505227,47,46.41,-105.84,78.8,11.41
110,Lebu,66,CL,1595505227,73,-37.62,-73.65,43.05,3.11
111,Aklavik,40,CA,1595505227,75,68.22,-135.01,42.8,5.82
112,Hare Bay,20,CA,1595505228,68,48.85,-54.01,64.4,14.99
113,Pemberton,65,CA,1595505086,67,50.32,-122.8,62.87,2.24
114,Kondoa,35,TZ,1595505228,32,-4.9,35.78,81.12,5.39
115,Asău,64,RO,1595505228,54,46.43,26.4,81.0,9.17
116,Coyhaique,24,CL,1595505228,90,-45.58,-72.07,13.44,1.21
117,Khatanga,100,RU,1595505229,87,71.97,102.5,43.5,17.0
118,Norden,75,DE,1595505229,46,53.6,7.2,70.0,11.41
119,Staraya Poltavka,35,RU,1595505229,35,50.48,46.48,79.74,17.07
120,Makokou,99,GA,1595505229,70,0.57,12.86,79.02,4.18
121,Souillac,75,MU,1595505229,93,-20.52,57.52,66.2,14.99
122,Tasiilaq,75,GL,1595505229,87,65.61,-37.64,42.8,12.75
123,Chara,90,RU,1595505230,77,56.91,118.26,63.61,3.13
124,São Filipe,29,CV,1595505230,83,14.9,-24.5,79.41,4.61
125,Svetlaya,64,RU,1595505230,91,46.54,138.33,56.97,4.23
126,Rupert,1,US,1595505230,72,42.62,-113.68,60.8,4.7
127,Shingū,100,JP,1595505230,86,33.73,135.98,76.55,2.55
128,Alofi,73,NU,1595505231,94,-19.06,-169.92,73.4,10.29
129,Inhambane,44,MZ,1595505231,79,-23.86,35.38,67.42,10.76
130,Port Hawkesbury,90,CA,1595505231,93,45.62,-61.35,66.2,8.05
131,Mae Hong Son,20,TH,1595505231,47,19.3,97.97,95.0,2.24
132,Karatau,99,KZ,1595505231,11,43.17,70.47,99.73,7.96
133,Buala,83,SB,1595505231,81,-8.14,159.59,80.22,10.22
134,Hambantota,75,LK,1595505231,100,6.12,81.12,75.2,16.11
135,Skegness,93,GB,1595505232,46,53.14,0.34,69.8,13.87
136,Bandarbeyla,54,SO,1595505232,46,9.49,50.81,88.23,28.43
137,Vostok,42,RU,1595505232,95,46.49,135.88,61.36,2.86
138,Arrondissement de Limoux,11,FR,1595505232,48,42.92,2.17,87.8,11.41
139,Coquimbo,0,CL,1595505232,93,-29.95,-71.34,42.8,9.17
140,Bathsheba,40,BB,1595505232,66,13.22,-59.52,84.2,16.11
141,Hong Kong,10,HK,1595505161,62,22.29,114.16,87.01,8.99
142,Simplício Mendes,62,BR,1595505233,57,-7.85,-41.91,76.73,11.88
143,Soure,34,BR,1595505233,80,-0.72,-48.52,80.29,8.32
144,Gushikawa,1,JP,1595505233,78,26.35,127.87,84.2,8.05
145,Borogontsy,0,RU,1595505233,68,62.67,131.17,66.43,5.55
146,Sheopur,95,IN,1595505233,55,25.67,76.7,89.15,9.86
147,Novy Urengoy,14,RU,1595505233,47,66.08,76.63,63.14,17.18
148,Torbay,40,CA,1595505233,72,47.67,-52.73,66.0,12.75
149,Olafsvik,4,IS,1595505234,68,64.89,-23.71,50.47,14.0
150,Nabire,32,ID,1595505234,82,-3.37,135.48,77.74,2.46
151,Sisimiut,91,GL,1595505234,53,66.94,-53.67,60.19,5.01
152,Biltine,69,TD,1595505234,37,14.53,20.92,91.92,11.05
153,Tyrma,95,RU,1595505234,73,50.08,132.17,67.95,1.68
154,Turangi,26,NZ,1595505234,91,-39.0,175.93,41.0,3.8
155,Santa Lucía,20,ES,1595505235,57,27.91,-15.54,80.6,28.86
156,Clonmel,99,IE,1595505235,73,52.35,-7.7,69.01,3.0
157,Almeirim,61,BR,1595505235,78,-1.52,-52.58,79.3,4.83
158,Bāfq,0,IR,1595505235,6,31.61,55.41,108.05,12.86
159,Sibolga,100,ID,1595505235,73,1.74,98.78,77.86,3.04
160,Saurimo,0,AO,1595505235,15,-9.66,20.39,87.66,6.04
161,Muros,19,ES,1595505236,50,42.78,-9.06,81.0,14.0
162,Kuala Terengganu,40,MY,1595505236,79,5.33,103.14,86.0,3.36
163,Genhe,99,CN,1595505236,56,50.78,121.52,72.37,2.66
164,Port Elizabeth,0,ZA,1595505236,68,-33.92,25.57,66.2,5.82
165,Gilgit,3,PK,1595505236,11,35.92,74.31,90.95,2.73
166,Jacareacanga,25,BR,1595505236,57,-6.22,-57.75,79.3,1.99
167,High Rock,100,BS,1595505237,79,26.62,-78.28,82.98,18.66
168,Kumul,62,CN,1595505237,31,42.8,93.45,84.56,17.9
169,Miramar,40,US,1595505237,88,25.99,-80.23,84.0,9.17
170,Coos Bay,90,US,1595505237,100,43.37,-124.22,57.99,5.82
171,Chui,100,UY,1595505237,95,-33.7,-53.46,64.42,6.82
172,Nouadhibou,0,MR,1595505237,73,20.93,-17.03,75.2,23.04
173,Narsaq,75,GL,1595505237,33,60.92,-46.05,62.6,21.92
174,Tahe,45,CN,1595505238,83,52.33,124.73,71.33,9.24
175,Talaya,69,RU,1595505238,62,61.38,152.75,59.23,4.18
176,Iranshahr,20,IR,1595505238,26,27.2,60.68,105.8,11.41
177,Nanortalik,100,GL,1595505238,85,60.14,-45.24,48.07,6.44
178,Nelson Bay,75,AU,1595505192,93,-32.72,152.15,48.0,5.68
179,Lompoc,50,US,1595505238,82,34.64,-120.46,59.0,3.56
180,Guerrero Negro,48,MX,1595505239,87,27.98,-114.06,64.4,10.58
181,Mogadishu,40,SO,1595505239,61,2.04,45.34,82.4,21.92
182,Tecolutla,0,MX,1595505239,87,20.48,-97.02,77.18,3.62
183,Anadyr,92,RU,1595505239,80,64.75,177.48,41.0,6.71
184,Port Alfred,0,ZA,1595505239,33,-33.59,26.89,73.36,5.23
185,Uíge,13,AO,1595505239,19,-7.61,15.06,93.25,4.47
186,Ribeira Grande,20,PT,1595505240,73,38.52,-28.7,71.6,4.7
187,Bahía Honda,92,CU,1595505240,89,22.9,-83.16,76.91,7.34
188,Codrington,100,AU,1595505240,82,-38.27,141.97,42.24,7.47
189,Bethel,40,US,1595505240,94,41.37,-73.41,72.0,4.79
190,Sistranda,75,NO,1595505240,71,63.73,8.83,53.6,14.99
191,Kununurra,0,AU,1595505240,30,-15.77,128.73,62.6,1.12
192,Kailua,20,US,1595505241,73,21.4,-157.74,77.0,3.36
193,Mabaruma,100,GY,1595505241,93,8.2,-59.78,77.97,3.96
194,San-Pédro,93,CI,1595505241,78,4.75,-6.64,78.85,8.41
195,Mastic Beach,1,US,1595505241,83,40.77,-72.85,78.01,6.93
196,Evensk,98,RU,1595505241,78,61.95,159.23,52.52,2.64
197,Berezanka,28,UA,1595505241,24,46.85,31.39,82.4,4.47
198,Nerchinskiy Zavod,95,RU,1595505242,59,51.31,119.61,74.8,4.27
199,Te Anau,9,NZ,1595505242,96,-45.42,167.72,31.91,3.0
200,Isangel,93,VU,1595505242,82,-19.55,169.27,72.37,15.28
201,Pacific Grove,76,US,1595504948,93,36.62,-121.92,57.0,3.44
202,Kiama,82,AU,1595505242,88,-34.68,150.87,54.0,1.01
203,Wajir,75,KE,1595505242,42,1.75,40.06,86.0,4.7
204,Cayenne,59,GF,1595505243,94,4.93,-52.33,77.0,3.31
205,San Rafael,31,AR,1595505243,86,-34.62,-68.33,33.62,6.35
206,Aksarka,74,RU,1595505243,45,66.56,67.8,64.36,9.6
207,Anloga,40,GH,1595505243,66,5.79,0.9,86.0,12.75
208,Uitenhage,0,ZA,1595505243,68,-33.76,25.4,66.2,5.82
209,Avarua,2,CK,1595505243,94,-21.21,-159.78,75.2,6.93
210,Luján,100,AR,1595505244,99,-34.57,-59.1,57.0,1.01
211,Makakilo City,1,US,1595505244,83,21.35,-158.09,75.2,3.36
212,Pevek,10,RU,1595505244,74,69.7,170.31,47.52,0.27
213,Campina Verde,1,BR,1595505244,45,-19.54,-49.49,73.89,7.9
214,Bowen,90,AU,1595505244,88,-20.02,148.23,66.99,6.93
215,Ambon City,48,ID,1595505245,14,-3.7,128.18,79.0,12.88
216,Tura,83,IN,1595505245,94,25.52,90.22,78.73,5.77
217,Taseyevo,54,RU,1595505245,55,57.22,94.9,66.0,6.24
218,Umluj,1,SA,1595505245,58,25.02,37.27,89.64,9.93
219,Novobiryusinskiy,18,RU,1595505245,55,56.96,97.71,67.89,4.65
220,Srednekolymsk,71,RU,1595505245,40,67.45,153.68,73.78,10.02
221,Tiarei,75,PF,1595505245,83,-17.53,-149.33,73.4,3.36
222,Aswān,0,EG,1595505246,10,24.09,32.91,109.09,15.77
223,Mahajanga,81,MG,1595505246,30,-15.72,46.32,86.0,13.87
224,Severo-Kuril'sk,86,RU,1595505246,90,50.68,156.12,51.06,3.47
225,Akdepe,90,TM,1595505246,35,42.06,59.38,89.6,16.11
226,Airai,86,TL,1595505246,93,-8.93,125.41,54.09,2.68
227,Xining,99,CN,1595505246,81,36.62,101.77,60.91,3.98
228,Wilmington,1,US,1595505246,83,34.23,-77.94,84.0,5.55
229,Berlevåg,90,NO,1595505246,93,70.86,29.09,50.0,6.93
230,Kargasok,99,RU,1595505247,67,59.06,80.86,61.95,6.87
231,Shenkursk,97,RU,1595505247,62,62.11,42.9,69.64,4.25
232,West Odessa,1,US,1595505247,60,31.84,-102.5,75.2,4.7
233,Dryden,1,CA,1595505247,82,49.78,-92.75,60.8,6.93
234,Courtenay,75,CA,1595505247,82,49.69,-124.99,59.0,8.05
235,Morro Bay,34,US,1595505020,87,35.37,-120.85,57.99,1.41
236,Gemeente Wageningen,90,NL,1595505131,46,51.97,5.67,75.99,11.41
237,Pergamino,100,AR,1595505248,96,-33.89,-60.57,48.99,1.99
238,Bhakkar,0,PK,1595505248,24,31.63,71.07,106.41,9.44
239,Esperance,40,AU,1595505248,100,-33.87,121.9,50.0,9.17
240,Kiryat Gat,0,IL,1595505248,54,31.61,34.76,91.0,1.99
241,North Platte,1,US,1595505248,83,41.12,-100.77,71.6,9.17
242,Poum,67,NC,1595505248,77,-20.23,164.02,71.73,16.8
243,Viedma,100,AR,1595505248,94,-40.81,-63.0,43.0,8.01
244,Nantucket,40,US,1595505249,94,41.28,-70.1,73.4,10.29
245,Sola,91,VU,1595505249,82,-13.88,167.55,79.36,20.51
246,Abū Zabad,96,SD,1595505249,42,12.35,29.25,89.1,16.24
247,San Cristobal,20,VE,1595505249,78,7.77,-72.22,75.2,3.36
248,Chifeng,9,CN,1595505249,43,42.27,118.96,80.02,5.44
249,Burnie,100,AU,1595505250,76,-41.07,145.92,44.01,7.0
250,Atar,0,MR,1595505250,11,20.52,-13.05,107.67,5.48
251,Akhmīm,0,EG,1595505250,26,26.56,31.75,96.8,14.99
252,Nichinan,75,JP,1595505250,94,31.6,131.37,78.8,2.24
253,Marawi,100,PH,1595505251,83,8.0,124.29,79.0,5.99
254,Tarrafal,20,CV,1595505251,70,15.28,-23.77,84.2,12.75
255,General Roca,90,AR,1595505252,93,-39.03,-67.58,35.6,6.93
256,Mahon,20,ES,1595505252,42,39.89,4.27,86.0,10.29
257,St. George's,20,GD,1595505252,74,12.06,-61.75,82.4,13.87
258,Noumea,34,NC,1595505253,72,-22.28,166.46,68.0,3.36
259,Samaná,75,DO,1595505253,100,19.21,-69.34,75.2,9.24
260,Tautira,75,PF,1595505253,83,-17.73,-149.15,73.4,3.36
261,Makkah al Mukarramah,2,SA,1595505253,33,21.43,39.83,102.04,15.5
262,Cherskiy,65,RU,1595505253,48,68.75,161.3,69.37,6.73
263,Klaksvík,98,FO,1595505254,66,62.23,-6.59,55.4,4.7
264,Kaeo,100,NZ,1595505254,3,-35.1,173.78,53.01,3.0
265,Magdalena,50,PH,1595505254,70,14.2,121.43,87.8,5.82
266,Ibrā’,87,OM,1595505254,34,22.69,58.53,97.72,13.06
267,Talnakh,83,RU,1595505254,62,69.49,88.4,51.8,29.08
268,Norman Wells,90,CA,1595505254,100,65.28,-126.83,48.2,4.7
269,Zanjān,20,IR,1595505041,31,36.67,48.48,89.6,9.17
270,Eyl,66,SO,1595505255,43,7.98,49.82,89.33,26.98
271,Diffa,40,NE,1595505255,37,13.32,12.61,95.99,8.99
272,Rock Sound,100,BS,1595505255,79,24.9,-76.2,82.67,19.84
273,Senador José Porfírio,51,BR,1595505255,77,-2.59,-51.95,78.66,3.13
274,West Memphis,1,US,1595505255,94,35.15,-90.18,78.8,4.81
275,Alihe,95,CN,1595505255,61,50.57,123.72,75.69,3.09
276,Paredon,100,MX,1595505255,80,16.03,-93.87,78.69,5.91
277,Satipo,59,PE,1595505256,73,-11.25,-74.64,69.76,1.03
278,Saint-François,11,FR,1595505256,30,46.42,3.91,82.4,5.82
279,Ponta Porã,0,BR,1595505256,47,-22.54,-55.73,66.04,9.8
280,Chokurdakh,26,RU,1595505256,62,70.63,147.92,73.76,7.92
281,Riyadh,40,SA,1595505256,17,24.69,46.72,109.4,5.82
282,Āsasa,91,ET,1595505256,71,7.1,39.2,64.56,6.53
283,Broome,75,US,1595505256,94,42.25,-75.83,72.0,6.93
284,Kango,93,GA,1595505256,61,0.19,10.1,83.46,2.3
285,Kaduna,100,NG,1595505257,80,10.52,7.44,76.12,6.51
286,Zirgan,100,RU,1595505257,93,53.22,55.92,61.66,11.95
287,São João da Barra,20,BR,1595505257,94,-21.64,-41.05,73.4,12.57
288,Humboldt,90,US,1595505257,100,40.67,-123.92,54.0,4.7
289,Karonga,38,MW,1595505257,53,-9.93,33.93,74.61,11.97
290,Laguna,75,US,1595505226,87,38.42,-121.42,57.99,5.82
291,Arrondissement de Saumur,100,FR,1595505257,28,47.33,-0.25,84.99,3.36
292,Necochea,100,AR,1595505258,99,-38.55,-58.74,52.0,1.01
293,Koungou,75,YT,1595505258,61,-12.73,45.2,78.8,19.46
294,Boueni,75,YT,1595505258,61,-12.9,45.08,78.8,19.46
295,Clyde River,90,CA,1595505258,100,70.47,-68.59,42.8,2.24
296,Samarai,4,PG,1595505258,83,-10.62,150.67,77.18,11.23
297,Fredericton,90,CA,1595505126,100,45.95,-66.67,60.8,4.7
298,Kytmanovo,47,RU,1595505258,82,53.46,85.45,63.25,7.18
299,Ranong,75,TH,1595505259,88,9.97,98.63,82.4,3.85
300,Sakakah,20,SA,1595505259,6,29.97,40.21,113.0,9.17
301,Mount Forest,5,CA,1595504961,94,43.98,-80.72,64.0,1.99
302,Myaundzha,71,RU,1595505259,64,63.05,147.19,61.81,4.43
303,Dickinson,20,US,1595505182,88,29.46,-95.05,81.0,3.36
304,Kallaste,40,EE,1595505259,87,58.66,27.16,51.8,12.75
305,Mount Gambier,100,AU,1595505259,93,-37.83,140.77,37.4,4.7
306,Kholodnyy,49,RU,1595505259,63,62.72,147.95,60.33,5.1
307,Ourém,0,PT,1595505109,46,39.64,-8.59,90.0,9.28
308,Sitka,90,US,1595505260,87,57.05,-135.33,53.6,6.93
309,Alice Springs,0,AU,1595505130,51,-23.7,133.88,50.0,6.93
310,Half Moon Bay,90,US,1595505260,93,37.46,-122.43,60.01,4.7
311,Husavik,75,IS,1595505260,76,66.04,-17.34,50.0,11.41
312,Kendari,34,ID,1595505260,87,-3.94,122.5,74.44,5.35
313,Jadu,0,LY,1595505260,19,31.95,12.03,86.29,9.28
314,Grand Island,20,US,1595505261,88,40.92,-98.34,73.4,9.17
315,Lorengau,37,PG,1595505261,78,-2.02,147.27,82.89,8.14
316,Kavieng,10,PG,1595505261,79,-2.57,150.8,82.78,11.65
317,Ancud,4,CL,1595505261,100,-41.87,-73.82,35.01,4.7
318,Tabuny,56,RU,1595505261,44,52.78,78.79,76.1,9.53
319,Copperas Cove,1,US,1595505261,88,31.12,-97.9,77.0,5.91
320,Zeya,66,RU,1595505262,92,53.75,127.27,64.38,3.04
321,Semnan,37,IR,1595505262,9,35.57,53.4,100.27,4.76
322,Fort Nelson,74,CA,1595505133,97,58.81,-122.7,46.49,2.17
323,Banjar,20,ID,1595505262,94,-8.19,114.97,78.8,10.29
324,Yerbogachën,74,RU,1595505262,76,61.28,108.01,64.99,2.19
325,Fairbanks,90,US,1595505032,93,64.84,-147.72,53.6,3.36
326,São Gabriel da Cachoeira,99,BR,1595505263,96,-0.13,-67.09,73.56,0.67
327,Cidreira,100,BR,1595505263,80,-30.18,-50.21,64.72,7.78
328,Carnarvon,0,AU,1595505263,82,-24.87,113.63,66.2,11.41
329,Djambala,97,CG,1595505263,36,-2.54,14.75,86.23,6.17
330,Honiara,20,SB,1595505263,88,-9.43,159.95,77.0,4.7
331,Dourbali,89,TD,1595505263,62,11.81,15.86,85.44,13.06
332,Barra de São Francisco,0,BR,1595505263,65,-18.75,-40.89,71.28,1.01
333,Goderich,2,CA,1595505264,74,43.75,-81.72,69.01,1.01
334,Beisfjord,75,NO,1595505264,93,68.38,17.6,51.8,23.04
335,Walvis Bay,0,NA,1595504998,10,-22.96,14.51,91.4,17.22
336,Kidal,1,ML,1595505264,20,18.44,1.41,104.07,10.8
337,Comodoro Rivadavia,0,AR,1595505130,86,-45.87,-67.5,26.6,5.21
338,Malinyi,14,TZ,1595505264,29,-8.93,36.13,86.22,7.05
339,Oistins,40,BB,1595505264,66,13.07,-59.53,84.2,16.11
340,San Patricio,48,MX,1595505264,86,19.22,-104.7,77.32,3.51
341,Dubbo,0,AU,1595505265,86,-32.25,148.62,41.0,1.12
342,Outjo,0,NA,1595505265,17,-20.12,16.15,77.32,13.89
343,Vitim,83,RU,1595505265,69,59.45,112.56,67.96,1.03
344,New Glasgow,100,CA,1595504973,95,45.58,-62.65,64.99,1.79
345,Puerto Colombia,75,CO,1595505265,100,10.99,-74.95,78.8,4.7
346,Zhezkazgan,75,KZ,1595505265,22,47.8,67.71,89.6,15.66
347,Kutum,82,SD,1595505265,35,14.2,24.67,87.3,15.43
348,Keti Bandar,38,PK,1595505266,67,24.14,67.45,88.88,19.33
349,Victor Harbor,74,AU,1595505266,91,-35.57,138.62,41.0,8.66
350,Grand Forks,75,US,1595505266,82,47.93,-97.03,60.8,10.29
351,Nuquí,100,CO,1595505266,86,5.71,-77.27,75.2,4.36
352,College,75,US,1595505266,87,64.86,-147.8,53.6,4.7
353,Hobyo,37,SO,1595505266,62,5.35,48.53,81.36,32.14
354,Kloulklubed,75,PW,1595505266,88,7.04,134.26,78.8,4.16
355,Saint-Philippe,90,RE,1595505267,56,-21.36,55.77,71.6,20.8
356,Iracoubo,95,GF,1595505267,84,5.48,-53.2,78.15,5.37
357,Alekseyevka,0,RU,1595505267,50,50.63,38.69,71.42,12.15
358,Vardø,40,NO,1595505269,72,70.37,31.11,64.4,18.34
359,Iquique,90,CL,1595505178,72,-20.22,-70.14,60.8,8.05
360,Byron Bay,75,AU,1595505269,100,-28.65,153.62,59.0,6.93
361,Toora-Khem,55,RU,1595505269,48,52.47,96.11,70.77,2.48
362,At-Bashi,89,KG,1595505269,27,41.17,75.81,72.21,8.25
363,Ladyzhyn,34,UA,1595505270,50,48.69,29.24,72.0,4.56
364,Taft,0,IR,1595505270,7,31.75,54.21,104.0,9.17
365,Evanston,40,US,1595505231,77,42.04,-87.69,68.0,6.93
366,Kungurtug,65,RU,1595505270,47,50.6,97.52,71.28,0.85
367,Okhotsk,87,RU,1595505270,83,59.38,143.3,55.98,12.08
368,Cockburn Town,14,TC,1595505010,77,21.46,-71.14,82.69,20.78
369,La Sarre,39,CA,1595505270,92,48.8,-79.2,57.74,1.05
370,Ngong,20,KE,1595505270,50,-1.36,36.66,77.0,13.87
371,Digby,100,CA,1595505270,96,44.62,-65.77,66.99,4.0
372,Puksoozero,66,RU,1595505271,46,62.59,40.61,71.49,3.29
373,Loutrós,0,GR,1595505271,44,40.59,22.4,93.0,1.01
374,Bairnsdale,3,AU,1595505271,91,-37.83,147.62,39.0,4.74
375,Gao,16,ML,1595505271,27,16.64,1.64,99.21,9.33
376,Jalu,0,LY,1595505271,17,29.03,21.55,96.03,15.08
377,Reconquista,99,AR,1595505071,91,-29.15,-59.65,55.9,7.85
378,Hay River,90,CA,1595505272,100,60.82,-115.8,57.2,5.82
379,Paris,95,FR,1595505169,33,48.85,2.35,81.0,3.36
380,Srandakan,51,ID,1595505272,83,-7.94,110.25,75.51,10.31
381,Nioki,55,CD,1595505272,28,-2.72,17.68,97.79,3.8
382,Nadym,53,RU,1595505272,54,65.53,72.52,61.16,16.11
383,Inuvik,40,CA,1595505272,75,68.35,-133.72,42.8,5.82
384,Gizo Government Station,99,SB,1595505272,75,-8.1,156.84,82.58,9.26
385,Stokmarknes,75,NO,1595505273,87,68.56,14.91,51.8,9.17
386,Katsuura,100,JP,1595505273,92,35.13,140.3,73.99,1.01
387,Villaviciosa,44,ES,1595505273,63,43.48,-5.44,75.99,6.69
388,Kapit,98,MY,1595505273,93,2.02,112.93,75.76,2.17
389,Kashgar,20,CN,1595505273,14,39.45,75.98,87.8,8.95
390,Otane,3,NZ,1595505273,83,-39.88,176.63,46.0,5.99
391,Zhanakorgan,71,KZ,1595505274,19,43.91,67.25,96.93,25.05
392,Hammerfest,90,NO,1595505274,93,70.66,23.68,48.2,12.75
393,Quatre Cocos,75,MU,1595505274,93,-20.21,57.76,71.01,14.99
394,Elizabeth City,1,US,1595505275,94,36.29,-76.25,82.0,9.17
395,Divnomorskoye,0,RU,1595505275,45,44.5,38.14,82.51,9.4
396,San Policarpo,98,PH,1595505275,77,12.18,125.51,84.25,6.29
397,Gaya,40,IN,1595505276,79,24.78,85.0,86.0,1.88
398,Arkadak,0,RU,1595505276,50,51.93,43.5,71.53,14.76
399,Upernavik,37,GL,1595505276,73,72.79,-56.15,45.59,11.63
400,Gravdal,75,NO,1595505276,76,68.12,13.5,53.6,12.75
401,Soanierana Ivongo,80,MG,1595505276,67,-16.92,49.58,71.46,17.11
402,Tomatlán,67,MX,1595505277,93,19.93,-105.25,73.42,2.55
403,Carballo,53,ES,1595505277,60,43.21,-8.69,75.2,3.36
404,Aquiraz,20,BR,1595505277,65,-3.9,-38.39,80.6,14.99
405,Zaysan,59,KZ,1595505034,50,47.47,84.87,73.83,5.88
406,Āsosa,100,ET,1595505278,100,10.07,34.53,64.98,3.67
407,Mayo,20,US,1595505278,88,38.89,-76.51,75.99,4.59
408,Ban Nahin,54,LA,1595505278,72,18.24,104.21,82.35,0.63
409,La Palma,90,US,1595505278,77,33.85,-118.05,64.99,4.21
410,Mahon,20,ES,1595505278,42,39.89,4.27,86.0,10.29
411,Åmot,42,NO,1595505278,39,59.57,7.99,64.4,5.82
412,Gouré,61,NE,1595505279,50,13.98,10.27,93.0,4.0
413,Beyneu,58,KZ,1595505279,20,45.32,55.2,92.86,12.97
414,São José da Coroa Grande,10,BR,1595505279,69,-8.9,-35.15,78.55,10.63
415,Baruun-Urt,100,MN,1595505279,37,46.68,113.28,79.21,5.61
416,Long Xuyen,100,VN,1595505280,84,10.38,105.42,80.89,5.7
417,Arroyo de la Encomienda,0,ES,1595505280,31,41.61,-4.8,88.0,8.05
418,Lyuban',99,BY,1595505280,61,52.8,28.0,64.13,5.82
419,Saint-Augustin,49,CA,1595505280,54,51.23,-58.65,65.91,7.63
420,Padang,40,ID,1595505280,74,-0.95,100.35,82.4,4.7
421,Ardakān,0,IR,1595505281,7,32.31,54.02,104.0,9.17
422,Casino,99,AU,1595505281,93,-28.87,153.05,57.99,1.12
423,San Juan de los Morros,83,VE,1595505281,91,9.91,-67.35,71.31,2.28
424,Takoradze,100,GH,1595505281,82,4.88,-1.76,77.23,7.54
425,Djibouti,20,DJ,1595505281,21,11.5,42.5,109.4,10.29
426,Westport,1,US,1595505146,88,41.14,-73.36,75.2,9.17
427,Meulaboh,100,ID,1595505282,87,4.14,96.13,78.08,8.48
428,Abadiânia,0,BR,1595505282,45,-16.2,-48.71,66.2,5.82
429,Muriti,20,TZ,1595505282,37,-1.98,32.92,82.4,17.22
430,Macao,2,MO,1595505282,79,22.2,113.55,87.8,9.17
431,Atambua,83,ID,1595505282,70,-9.11,124.89,67.41,6.51
432,Nishihara,75,JP,1595505283,74,26.18,127.76,84.2,6.93
433,Amahai,65,ID,1595505283,88,-3.33,128.92,77.47,8.12
434,Leh,0,IN,1595505283,20,34.17,77.58,67.5,6.31
435,Lerwick,20,GB,1595505263,77,60.15,-1.15,60.8,13.87
436,Nogliki,97,RU,1595505283,90,51.83,143.17,49.6,10.58
437,Tongliao,14,CN,1595505284,38,43.61,122.27,85.15,6.04
438,Gouyave,20,GD,1595505284,74,12.16,-61.73,82.4,13.87
439,Karratha,0,AU,1595505284,60,-20.74,116.85,71.06,3.85
440,Mitsamiouli,75,KM,1595505284,57,-11.38,43.28,78.8,9.17
441,Port Hedland,0,AU,1595505285,72,-20.32,118.57,66.2,6.93
442,Huarmey,42,PE,1595505285,86,-10.07,-78.15,60.49,3.85
443,Arraial do Cabo,40,BR,1595505283,88,-22.97,-42.03,71.6,8.05
444,Flinders,75,AU,1595505285,83,-34.58,150.86,54.0,1.99
445,Trairi,23,BR,1595505246,62,-3.28,-39.27,81.48,11.41
446,Vlasikha,40,RU,1595505285,29,53.3,83.57,75.2,15.66
447,Abhā,40,SA,1595505286,54,18.22,42.51,82.4,16.11
448,Yulara,0,AU,1595505286,37,-25.24,130.99,55.4,5.82
449,Sioux Lookout,20,CA,1595505201,93,50.1,-91.92,53.6,4.03
450,Dunedin,20,NZ,1595505286,76,-45.87,170.5,41.0,5.99
451,Kalmunai,97,LK,1595505286,61,7.42,81.82,88.66,16.84
452,Vila,0,PT,1595505287,57,42.03,-8.16,90.0,9.17
453,Bima,28,ID,1595505287,79,-8.47,118.72,71.24,4.76
454,Aykhal,90,RU,1595505287,71,66.0,111.5,57.2,4.47
455,Pinsk,100,BY,1595505287,59,52.12,26.1,66.18,11.16
456,Axum,47,ET,1595505287,74,14.12,38.72,69.96,15.01
457,Santa Cruz de la Sierra,75,BO,1595505004,78,-17.8,-63.17,73.4,6.93
458,Constitución,6,CL,1595505288,81,-35.33,-72.42,44.94,4.99
459,Zapolyarnyy,75,RU,1595505288,87,69.42,30.81,55.4,14.99
460,LaBelle,1,US,1595505288,94,26.76,-81.44,77.0,8.05
461,Mossamedes,0,AO,1595505233,37,-15.2,12.15,81.48,10.85
462,Rafaela,100,AR,1595505288,73,-31.25,-61.49,46.0,5.99
463,Marzuq,0,YE,1595505288,41,14.4,46.47,88.34,10.96
464,Kathmandu,90,NP,1595505178,100,27.72,85.32,71.6,3.36
465,Krasnosel'kup,50,RU,1595505289,48,65.7,82.47,65.35,15.88
466,Khani,40,GE,1595505289,48,41.96,42.96,86.0,5.82
467,Kichmengskiy Gorodok,97,RU,1595505289,95,59.98,45.79,61.18,2.59
468,Narasimharājapura,100,IN,1595505289,84,13.62,75.52,77.13,5.35
469,Lanzhou,100,CN,1595505083,91,36.06,103.79,66.99,3.71
470,Nizhniy Odes,99,RU,1595505289,38,63.64,54.86,79.79,10.27
471,Faanui,6,PF,1595505290,77,-16.48,-151.75,77.43,18.84
472,Kodār,100,IN,1595505290,86,16.98,79.97,78.96,3.78
473,Yar-Sale,88,RU,1595505290,49,66.83,70.83,61.16,12.33
474,Chiredzi,18,ZW,1595505290,35,-21.05,31.67,72.68,10.54
475,Saldanha,0,ZA,1595505290,45,-33.01,17.94,73.4,5.82
476,Duki,0,PK,1595505290,22,30.15,68.57,97.99,11.68
477,Itaituba,40,BR,1595505291,88,-4.28,-55.98,78.8,1.88
478,Brainerd,90,US,1595505291,93,46.36,-94.2,55.0,5.14
479,Waingapu,54,ID,1595505291,68,-9.66,120.26,74.01,12.41
480,Port Hardy,7,CA,1595505291,90,50.7,-127.42,53.56,6.62
481,Cairns,75,AU,1595505291,77,-16.92,145.77,68.0,11.41
482,Praia da Vitória,40,PT,1595505292,78,38.73,-27.07,71.6,4.16
483,Kyrksæterøra,75,NO,1595505292,71,63.29,9.09,53.6,14.99
484,Mount Isa,0,AU,1595505292,36,-20.73,139.5,64.4,6.93
485,Mercedes,100,AR,1595505293,99,-34.65,-59.43,53.01,1.01
486,Scarborough,98,GB,1595505293,72,54.28,-0.4,63.0,3.0
487,Yagodnoye,32,RU,1595505293,67,62.55,149.67,60.28,3.29
488,Kisangani,73,CD,1595505293,41,0.52,25.2,91.6,1.32
489,Verkhnevilyuysk,69,RU,1595505293,73,63.45,120.32,68.56,2.37
490,Huilong,99,CN,1595505293,72,31.81,121.66,84.0,11.81
491,Anáhuac,13,MX,1595505293,66,27.23,-100.15,79.75,9.01
492,Kichera,99,RU,1595505293,77,55.94,110.1,64.76,1.01
493,Rancho Palos Verdes,72,US,1595505294,89,33.74,-118.39,64.0,1.99
494,Pinar del Río,75,CU,1595505294,91,22.42,-83.7,76.55,5.17
495,Kawhia,58,NZ,1595505294,85,-38.07,174.82,53.01,12.95
496,El Carmen,100,CO,1595505294,86,8.51,-73.45,70.39,1.99
497,Ust-Nera,61,RU,1595505294,71,64.57,143.2,66.16,2.01
498,Hongjiang,59,CN,1595505295,74,27.11,110.0,81.36,3.29
499,Qinzhou,33,CN,1595505295,73,21.95,108.62,85.3,9.6
500,Acapulco de Juárez,82,MX,1595505295,81,16.86,-99.89,78.3,4.59
501,Mahébourg,75,MU,1595505295,93,-20.41,57.7,66.2,14.99
502,Agadez,0,NE,1595505295,11,19.75,10.25,101.46,4.25
503,Saint-Pierre,90,RE,1595505295,56,-21.34,55.48,71.6,20.8
504,Kantemirovka,0,RU,1595505295,42,49.71,39.86,73.94,10.47
505,Tamiahua,0,MX,1595505295,89,21.27,-97.45,76.42,3.36
506,Lata,0,PT,1595505296,47,40.16,-8.33,88.0,8.72
507,Morón,100,AR,1595505296,97,-34.65,-58.62,55.99,1.01
508,Linxia Chengguanzhen,98,CN,1595505296,88,35.6,103.21,62.82,4.79
509,Ambovombe,51,MG,1595505296,65,-25.17,46.08,66.04,21.16
510,Tateyama,100,JP,1595505296,92,34.98,139.87,73.99,1.01
511,Mabay,92,PH,1595505296,80,6.06,124.47,80.58,6.11
512,Haimen,20,CN,1595505296,74,23.19,116.61,87.8,11.18
513,Jumla,51,NP,1595505297,61,29.27,82.18,69.03,4.18
514,Poltavka,55,RU,1595505297,61,54.37,71.76,72.1,13.38
515,Gigmoto,20,PH,1595505297,79,13.78,124.39,82.49,5.57
516,Hamilton,40,US,1595505163,88,39.18,-84.53,73.99,6.22
517,Wanning,33,CN,1595505297,77,18.8,110.4,83.23,7.81
518,Monchegorsk,89,RU,1595505297,61,67.94,32.87,69.08,10.27
519,Ozernovskiy,61,RU,1595505297,92,51.5,156.52,49.89,2.91
520,Shāhābād,79,IN,1595505297,35,27.65,79.95,97.77,4.0
521,La Macarena,90,CO,1595505298,96,2.18,-73.78,70.65,1.19
522,Abadan,40,TM,1595505298,32,38.05,58.21,93.2,16.11
523,Northam,99,GB,1595505298,93,51.03,-4.22,64.0,13.0
524,Omboué,95,GA,1595505298,62,-1.57,9.26,80.15,9.51
525,Jinzhou,20,CN,1595505298,53,41.11,121.14,78.78,6.31
526,Vila Franca do Campo,75,PT,1595505299,60,37.72,-25.43,69.8,6.93
527,Hirara,75,JP,1595505299,79,24.8,125.28,84.2,5.82
528,Najrān,20,SA,1595505299,13,17.49,44.13,104.0,6.93
529,Banda Aceh,100,ID,1595505299,79,5.56,95.32,79.84,10.8
530,Tual,42,ID,1595505299,82,-5.67,132.75,80.01,20.49
531,Ciorteşti,62,RO,1595505299,30,46.9,27.83,82.4,8.05
532,Tskaltubo,40,GE,1595505300,48,42.33,42.6,86.0,5.82
533,Shwebo,100,MM,1595505300,78,22.57,95.7,84.36,3.83
534,Ambilobe,100,MG,1595505300,42,-13.2,49.05,77.4,4.14
535,Muzhi,26,RU,1595505300,41,65.37,64.67,67.78,7.47
536,Byndoor,100,IN,1595505300,79,13.87,74.63,82.33,5.48
537,Freeport,90,US,1595505259,83,40.66,-73.58,77.0,10.29
538,Bhigvan,100,IN,1595505301,80,18.32,74.77,78.39,1.34
539,Aranos,0,NA,1595505302,18,-24.13,19.12,72.54,12.68
540,Varhaug,75,NO,1595505302,59,58.61,5.65,64.0,9.17
541,Melilla,3,ES,1595505302,74,35.29,-2.94,93.2,5.82
542,Kerchevskiy,100,RU,1595505303,51,59.95,56.29,74.61,4.83
543,Itoigawa,96,JP,1595505303,81,37.03,137.85,72.36,2.71
544,Lubao,90,PH,1595505303,83,14.92,120.55,88.0,5.82
545,Faro,0,PT,1595505084,61,37.02,-7.93,84.0,10.29
546,Dingle,100,PH,1595505303,84,11.0,122.67,79.2,4.99
547,Sittwe,100,MM,1595505303,79,20.15,92.9,82.24,6.15
548,Xai-Xai,29,MZ,1595505303,48,-25.05,33.64,71.83,8.3
549,Dwārka,54,IN,1595505304,71,22.24,68.97,87.31,13.02
550,Akureyri,75,IS,1595505304,76,65.68,-18.09,50.0,11.41
551,Igarka,63,RU,1595505304,46,67.47,86.58,63.7,17.94
552,Navahrudak,74,BY,1595505304,63,53.6,25.83,62.65,11.65
553,Marsala,0,IT,1595505305,62,37.8,12.44,86.0,14.99
554,Mandalgovi,82,MN,1595505305,25,45.76,106.27,83.23,10.94
555,Saint George,40,US,1595505029,34,37.1,-113.58,80.6,5.82
556,Omsukchan,40,RU,1595505305,47,62.53,155.8,56.07,3.4
557,Pangai,3,TO,1595505305,75,-19.8,-174.35,73.96,17.47
558,Semey,0,KZ,1595505305,20,50.41,80.23,86.0,4.47
559,Koppal,100,IN,1595505306,73,15.35,76.15,80.78,6.24
560,Wukari,83,NG,1595505306,77,7.85,9.78,82.45,7.58
561,Luanda,20,AO,1595505052,61,-8.84,13.23,78.8,6.93
562,Quthing,0,LS,1595505306,24,-30.4,27.7,61.27,3.44
563,Okoneshnikovo,48,RU,1595505306,62,54.84,75.08,67.62,10.65
564,Nhulunbuy,40,AU,1595505306,83,-12.23,136.77,73.4,9.17
565,Ljubinje,20,BA,1595505306,30,42.95,18.09,93.2,6.93
566,Seddon,90,AU,1595505307,70,-37.81,144.89,52.0,3.36
567,Thinadhoo,100,MV,1595505307,74,0.53,72.93,83.17,13.87
568,Khovu-Aksy,56,RU,1595505307,69,51.13,93.6,66.92,1.59
